1;ЦА;Москва;Семенова Ирина Анатольевна;ж;Начальник отдела;Отдел разработки;Шустов Антон Александрович;Жданов Олег Павлович;semenovaia;абап
2;ЦА;Саратов;Васильева Екатерина Михайловна;ж;Начальник отдела;Отдел разработки;Семенова Ирина Анатольевна;Жданов Олег Павлович;vasilievaem;не абап
3;ЦА;Саратов;Зыкин Александр Александрович;м;Специалист;Отдел разработки;Васильева Екатерина Михайловна;Семенова Ирина Анатольевна;zikinaa;абап
4;ЦА;Волгоград;Кулачкова Юлия Степановна;ж;Ведущий специалист;Отдел разработки;Васильева Екатерина Михайловна;Семенова Ирина Анатольевна;kulachkovaua;не абап
5;ЦА;Саратов;Бугрова Татьяна Андревна;ж;Специалист;Отдел разработки;Васильева Екатерина Михайловна;Семенова Ирина Анатольевна;bugrovata;абап
6;ЦА;Москва;Иванова Ольга Олеговна;ж;Старший специалист;Отдел разработки;Васильева Екатерина Михайловна;Семенова Ирина Анатольевна;ivanovaoo;не абап
7;ЦА;Саратов;Васин Игорь Владимирович;м;Специалист;Отдел разработки;Васильева Екатерина Михайловна;Семенова Ирина Анатольевна;vasiniv;абап
8;ЦА;Сочи;Услугин Константин Александрович;м;Специалист;Отдел разработки;Васильева Екатерина Михайловна;Семенова Ирина Анатольевна;usluginka;не абап
9;ЦА;Сочи;Козлова Марина Львовна;ж;Ведущий специалист;Отдел разработки;Васильева Екатерина Михайловна;Семенова Ирина Анатольевна;kozlovaml;абап
10;ЦА;Саратов;Костюкова Ирина Валерьевна;ж;Ведущий специалист;Отдел разработки;Васильева Екатерина Михайловна;Семенова Ирина Анатольевна;kostukovaiv;не абап
11;ЦА;Москва;Путин Владимир Викторович;м;Начальник отдела;Отдел финансов;Шустов Антон Александрович;Жданов Олег Павлович;putinvv;абап
12;ЦА;Саратов;Путина Мария Владимировна;ж;Специалист;Отдел финансов;Журина Екатерина Михайловна;Путин Владимир Викторович;putinamv;не абап
13;ЦА;Сочи;Губина Светлана Андревна;ж;Специалист;Отдел финансов;Журина Екатерина Михайловна;Путин Владимир Викторович;gubinasa;абап
14;ЦА;Саратов;Грищенко Валентина Анатольевна;ж;Специалист;Отдел финансов;Журина Екатерина Михайловна;Путин Владимир Викторович;grishenkova;не абап
15;ЦА;Саратов;Портягина Елена Александровна;ж;Ведущий специалист;Отдел финансов;Журина Екатерина Михайловна;Путин Владимир Викторович;portayginaea;абап
16;ЦА;Сочи;Шурочкина Елена Вячеславовна;ж;Старший специалист;Отдел финансов;Журина Екатерина Михайловна;Путин Владимир Викторович;shurockinaev;не абап
17;ЦА;Волгоград;Кошкин Константин Сергеевич;м;Специалист;Отдел финансов;Журина Екатерина Михайловна;Путин Владимир Викторович;koshkinks;абап
18;ЦА;Саратов;Дубравин Александр Игоревич;м;Специалист;Отдел финансов;Журина Екатерина Михайловна;Путин Владимир Викторович;dubravinai;не абап
19;ЦА;Волгоград;Евдокимова Анна Владимировна;ж;Старший специалист;Отдел финансов;Сюткин Дмитрий Константинович;Путин Владимир Викторович;evdokimovaav;абап
20;ЦА;Сочи;Журина Екатерина Михайловна;ж;Начальник отдела;Отдел финансов;Путин Владимир Викторович;Путин Владимир Викторович;shurinaem;не абап
21;ЦА;Москва;Трушина Юлия Константиновна;ж;Начальник отдела;Отдел логистики;Шустов Антон Александрович;Жданов Олег Павлович;trushinauk;абап
22;ЦА;Волгоград;Петрова Анастасия Владимировна;ж;Специалист;Отдел логистики;Сюткин Дмитрий Константинович;Трушина Юлия Константиновна;petrovaav;не абап
23;ЦА;Саратов;Заворотнюк Евгения Андреевна;ж;Ведущий специалист;Отдел логистики;Сюткин Дмитрий Константинович;Трушина Юлия Константиновна;zavotnukea;абап
24;ЦА;Москва;Федулова Ирина Михайловна;ж;Специалист;Отдел логистики;Сюткин Дмитрий Константинович;Трушина Юлия Константиновна;fedulovaim;не абап
25;ЦА;Саратов;Козлов Семен Семенович;м;Специалист;Отдел логистики;Сюткин Дмитрий Константинович;Трушина Юлия Константиновна;kozlovss;абап
26;ЦА;Сочи;Медведев Анатолий Дмитриевич;м;Специалист;Отдел логистики;Сюткин Дмитрий Константинович;Трушина Юлия Константиновна;medvedevad;не абап
27;ЦА;Саратов;Кошелев Владимир Анатольевич;м;Старший специалист;Отдел логистики;Сюткин Дмитрий Константинович;Трушина Юлия Константиновна;koshelevva;абап
28;ЦА;Саратов;Сумакова Ирина Игоревна;ж;Ведущий специалист;Отдел логистики;Сюткин Дмитрий Константинович;Трушина Юлия Константиновна;sumakovaii;не абап
29;ЦА;Саратов;Домрачев Денис Анатольевич;м;Специалист;Отдел логистики;Сюткин Дмитрий Константинович;Трушина Юлия Константиновна;domrachevda;абап
30;ЦА;Волгоград;Сюткин Дмитрий Константинович;м;Начальник отдела;Отдел логистики;Трушина Юлия Константиновна;Трушина Юлия Константиновна;sutkindk;не абап
31;ЦА;Саратов;Малясова Людмила Юрьевна;ж;Специалист;Отдел кадров;Богач Людмила Юрьевна;Тарасов Антон Сергеевич;malyasovalu;абап
32;ЦА;Сочи;Тарасов Антон Сергеевич;м;Начальник отдела;Отдел кадров;Шустов Антон Александрович;Жданов Олег Павлович;tarasovas;не абап
33;ЦА;Москва;Тарасова Екатерина Юрьевна;ж;Старший специалист;Отдел кадров;Богач Людмила Юрьевна;Тарасов Антон Сергеевич;tarasovaeu;абап
34;ЦА;Саратов;Михайлов Станислав Викторович;м;Специалист;Отдел кадров;Богач Людмила Юрьевна;Тарасов Антон Сергеевич;mihailovsv;не абап
35;ЦА;Сочи;Поповнин Роман Анатольевич;м;Ведущий специалист;Отдел кадров;Богач Людмила Юрьевна;Тарасов Антон Сергеевич;popovninra;абап
36;ЦА;Волгоград;Губерниева Ольга Игоревна;ж;Специалист;Отдел кадров;Богач Людмила Юрьевна;Тарасов Антон Сергеевич;gubernievaoi;не абап
37;ЦА;Саратов;Стоянова Галина Станиславовна;ж;Ведущий специалист;Отдел кадров;Богач Людмила Юрьевна;Тарасов Антон Сергеевич;stoyanovags;абап
38;ЦА;Саратов;Сидиров Андрей Сергеевич;м;Специалист;Отдел кадров;Богач Людмила Юрьевна;Тарасов Антон Сергеевич;sidirovas;не абап
39;ЦА;Сочи;Сидорова Маргарита Васильевна;ж;Старший специалист;Отдел кадров;Богач Людмила Юрьевна;Тарасов Антон Сергеевич;sidorovamv;абап
40;ЦА;Саратов;Богач Людмила Юрьевна;ж;Начальник отдела;Отдел кадров;Тарасов Антон Сергеевич;Тарасов Антон Сергеевич;bogachlu;не абап
41;ЦА;Москва;Тулякова Наталья Сергеевна;ж;Начальник отдела;Отдел проектирования;Шустов Антон Александрович;Жданов Олег Павлович;tulyakovans;абап
42;ЦА;Саратов;Семенюк Александр Иванович;м;Старший специалист;Отдел проектирования;Васильева Екатерина Михайловна;Тулякова Наталья Сергеевна;semenukai;не абап
43;ЦА;Сочи;Ватлина Екатерина Михайловна;ж;Специалист;Отдел проектирования;Васильева Екатерина Михайловна;Тулякова Наталья Сергеевна;vatlinaem;абап
44;ЦА;Саратов;Лазарев Сергей Леонидович;м;Специалист;Отдел проектирования;Васильева Екатерина Михайловна;Тулякова Наталья Сергеевна;lazarevsl;
45;ЦА;Саратов;Лазарева Мария Андреевна;ж;Специалист;Отдел проектирования;Васильева Екатерина Михайловна;Тулякова Наталья Сергеевна;lazarevama;
46;ЦА;Волгоград;Иванова Евгений Германович;ж;Старший специалист;Отдел проектирования;Васильева Екатерина Михайловна;Тулякова Наталья Сергеевна;ivanovaeg;
47;ЦА;Сочи;Яковлева Екатерина Александровна;ж;Ведущий специалист;Отдел проектирования;Васильева Екатерина Михайловна;Тулякова Наталья Сергеевна;yakovlevaea;
48;ЦА;Саратов;Дробыш Оксана Игоревна;ж;Старший специалист;Отдел проектирования;Васильева Екатерина Михайловна;Тулякова Наталья Сергеевна;drobishoi;
49;ЦА;Сочи;Черемисова Татьяна Викторовна;ж;Ведущий специалист;Отдел проектирования;Васильева Екатерина Михайловна;Тулякова Наталья Сергеевна;cheremisovatv;
50;ЦА;Москва;Трегубенко Жанна Юрьевна;ж;Старший специалист;Отдел проектирования;Васильева Екатерина Михайловна;Тулякова Наталья Сергеевна;tregubenkogu;
51;ЦА;Сочи;Быстрова Юлия Николаевна;ж;Специалист;Отдел проектирования;Васильева Екатерина Михайловна;Тулякова Наталья Сергеевна;bistrovaun;
52;ЦА;Москва;Шустов Антон Александрович;м;Заместитель директора;Администрация;Жданов Олег Павлович;Жданов Олег Павлович;shustovaa;
53;ЦА;Москва;Жданов Олег Павлович;м;Директор;Администрация;;;shdanovop;
;;;;;;;;;;
;;;;;;;;;;
